230, 51, ((0.0, 0.0, 0.0), (0.0, 0.0, 0.0)) 
230, 102, ((0.0, 0.0, 0.0), (0.0, 0.0, 0.0)) 
230, 153, ((0.0, 0.0, 0.0), (0.0, 0.0, 0.0)) 
230, 204, ((0.0, 0.0, 0.0), (0.0, 0.0, 0.0)) 
230, 257, ((0.0, 0.0, 0.0), (0.0, 0.0, 0.0)) 
230, 308, ((0.0, 0.0, 0.0), (0.0, 0.0, 0.0)) 
230, 359, ((0.0, 0.0, 0.0), (0.0, 0.0, 0.0)) 
229, 411, ((0.0, 0.0, 0.0), (0.0, 0.0, 0.0)) 
229, 462, ((0.0, 0.0, 0.0), (0.0, 0.0, 0.0)) 
229, 514, ((0.0, 0.0, 0.0), (0.0, 0.0, 0.0)) 
229, 565, ((0.0, 0.0, 0.0), (0.0, 0.0, 0.0)) 
229, 617, ((0.0, 0.0, 0.0), (0.0, 0.0, 0.0)) 
229, 668, ((0.0, 0.0, 0.0), (0.0, 0.0, 0.0)) 
229, 719, ((0.0, 0.0, 0.0), (0.0, 0.0, 0.0)) 
229, 771, ((0.0, 0.0, 0.0), (0.0, 0.0, 0.0)) 
229, 823, ((0.0, 0.0, 0.0), (0.0, 0.0, 0.0)) 
229, 874, ((0.0, 0.0, 0.0), (0.0, 0.0, 0.0)) 
229, 925, ((0.0, 0.0, 0.0), (0.0, 0.0, 0.0)) 
229, 977, ((0.0, 0.0, 0.0), (0.0, 0.0, 0.0)) 
229, 1029, ((0.0, 0.0, 0.0), (0.0, 0.0, 0.0)) 
230, 1080, ((0.0, 0.0, 0.0), (0.0, 0.0, 0.0)) 
230, 1131, ((0.0, 0.0, 0.0), (0.0, 0.0, 0.0)) 
230, 1183, ((0.0, 0.0, 0.0), (0.0, 0.0, 0.0)) 
229, 1234, ((0.0, 0.0, 0.0), (0.0, 0.0, 0.0)) 
229, 1286, ((-0.38418588042259216, -0.8620948195457458, -0.3304447531700134), (18.02921485900879, 407.3486022949219, 102.96332550048828)) 
229, 1338, ((-0.3347933888435364, -0.8743131756782532, -0.35141125321388245), (-68.79692840576172, 266.7220153808594, -57.062744140625)) 
229, 1389, ((-0.3760025203227997, -0.8556164503097534, -0.35572826862335205), (-52.52183532714844, 146.77671813964844, -39.884971618652344)) 
229, 1440, ((-0.4468880891799927, -0.8369272947311401, -0.3159806728363037), (-17.31859016418457, 64.26763916015625, 3.082087993621826)) 
228, 1492, ((-0.4238421320915222, -0.8545437455177307, -0.3001880347728729), (-17.03648567199707, -14.074246406555176, 1.0506410598754883)) 
229, 1544, ((-0.39308997988700867, -0.8753538727760315, -0.28148871660232544), (-16.24913215637207, -109.75291442871094, -4.5685272216796875)) 
228, 1595, ((-0.3614135682582855, -0.9052829146385193, -0.2232557088136673), (-0.8278834819793701, -209.43963623046875, 29.146865844726562)) 
228, 1646, ((-0.4179712235927582, -0.9084072113037109, -0.009820818901062012), (-78.34254455566406, -231.47836303710938, -16.025062561035156)) 
228, 1698, ((-0.3530544936656952, -0.9341753721237183, -0.051661167293787), (17.555429458618164, -61.12019729614258, 119.13482666015625)) 
227, 1750, ((-0.26038858294487, -0.9572235345840454, -0.12617804110050201), (-40.24279022216797, -192.87481689453125, -9.869453430175781)) 
227, 1801, ((-0.22758202254772186, -0.9638545513153076, -0.13853098452091217), (-71.2930908203125, -139.049072265625, 5.250423908233643)) 
227, 1853, ((-0.16728217899799347, -0.9757770895957947, -0.1409812569618225), (-10.500001907348633, -12.553366661071777, 18.315244674682617)) 
228, 1904, ((-0.14352862536907196, -0.980829119682312, -0.13180941343307495), (4.459523677825928, 63.66001892089844, -52.23868942260742)) 
228, 1955, ((-0.14355532824993134, -0.9867801070213318, -0.07521219551563263), (59.03802490234375, 227.26634216308594, -59.3925666809082)) 
228, 2008, ((-0.24012139439582825, -0.9685401320457458, -0.06535816192626953), (31.160524368286133, 324.7603454589844, -122.75642395019531)) 
227, 2059, ((-0.2855376601219177, -0.9477765560150146, -0.1420837640762329), (137.26368713378906, 401.303466796875, -39.72193145751953)) 
227, 2110, ((-0.2496202439069748, -0.9234834313392639, -0.2913212478160858), (50.815765380859375, 361.2156677246094, -75.6556167602539)) 
227, 2162, ((-0.2471723109483719, -0.8797803521156311, -0.40606945753097534), (14.925897598266602, 302.196044921875, -7.711381435394287)) 
227, 2213, ((-0.2751709520816803, -0.8210803866386414, -0.5001079440116882), (7.588929176330566, 261.587890625, 87.24768829345703)) 
227, 2265, ((-0.3445330858230591, -0.7782754898071289, -0.5249611735343933), (10.203963279724121, 268.6462097167969, 14.566113471984863)) 
227, 2316, ((-0.39217180013656616, -0.7563855648040771, -0.5235285758972168), (-5.18038272857666, 144.20932006835938, 34.90793228149414)) 
227, 2368, ((-0.3873600661754608, -0.7586623430252075, -0.5238164067268372), (-1.3972821235656738, 76.36676788330078, 14.592759132385254)) 
227, 2419, ((-0.39512699842453003, -0.7648307681083679, -0.5088305473327637), (10.080965995788574, 1.5766162872314453, 3.4368133544921875)) 
227, 2470, ((-0.3829400837421417, -0.763719916343689, -0.5197006464004517), (11.130193710327148, -56.44468688964844, 5.046885013580322)) 
227, 2523, ((-0.3516552150249481, -0.7751615047454834, -0.5248459577560425), (-3.3519341945648193, -105.69503784179688, 4.996837139129639)) 
227, 2574, ((-0.3315191864967346, -0.7788402438163757, -0.5324499011039734), (-9.724677085876465, -127.34872436523438, 2.1329076290130615)) 
227, 2625, ((-0.3201308846473694, -0.7916417717933655, -0.520403265953064), (-20.007110595703125, -156.08944702148438, -2.7457215785980225)) 
227, 2677, ((-0.31035032868385315, -0.8036826252937317, -0.5077173709869385), (-12.83077335357666, -173.50759887695312, 26.026220321655273)) 
227, 2728, ((-0.31035032868385315, -0.8036826252937317, -0.5077173709869385), (-12.83077335357666, -173.50759887695312, 26.026220321655273)) 
227, 2780, ((-0.31035032868385315, -0.8036826252937317, -0.5077173709869385), (-12.83077335357666, -173.50759887695312, 26.026220321655273)) 
227, 2832, ((-0.31035032868385315, -0.8036826252937317, -0.5077173709869385), (-12.83077335357666, -173.50759887695312, 26.026220321655273)) 
227, 2883, ((-0.31035032868385315, -0.8036826252937317, -0.5077173709869385), (-12.83077335357666, -173.50759887695312, 26.026220321655273)) 
227, 2934, ((-0.31035032868385315, -0.8036826252937317, -0.5077173709869385), (-12.83077335357666, -173.50759887695312, 26.026220321655273)) 
227, 2985, ((-0.22134612500667572, -0.9400231838226318, -0.25954240560531616), (-83.2607192993164, -253.7157745361328, 47.68941116333008)) 
227, 3038, ((-0.19084709882736206, -0.9718871712684631, -0.13788646459579468), (-50.969993591308594, -244.99728393554688, 8.137906074523926)) 
227, 3089, ((-0.1985323280096054, -0.9758304953575134, -0.09132196009159088), (-8.484259605407715, -172.47988891601562, 52.35432815551758)) 
227, 3140, ((-0.1985323280096054, -0.9758304953575134, -0.09132196009159088), (-8.484259605407715, -172.47988891601562, 52.35432815551758)) 
227, 3192, ((-0.19216495752334595, -0.9765949845314026, -0.0966171994805336), (-60.27708435058594, -270.6097412109375, 28.220884323120117)) 
227, 3244, ((-0.19216495752334595, -0.9765949845314026, -0.0966171994805336), (-60.27708435058594, -270.6097412109375, 28.220884323120117)) 
227, 3295, ((-0.19216495752334595, -0.9765949845314026, -0.0966171994805336), (-60.27708435058594, -270.6097412109375, 28.220884323120117)) 
227, 3347, ((-0.19216495752334595, -0.9765949845314026, -0.0966171994805336), (-60.27708435058594, -270.6097412109375, 28.220884323120117)) 
227, 3398, ((-0.17551791667938232, -0.9619855284690857, -0.20923025906085968), (22.163427352905273, 79.82000732421875, -13.73971939086914)) 
227, 3449, ((-0.17551791667938232, -0.9619855284690857, -0.20923025906085968), (22.163427352905273, 79.82000732421875, -13.73971939086914)) 
227, 3502, ((-0.1640980988740921, -0.9652913808822632, -0.20318564772605896), (73.31221771240234, 272.1407775878906, 13.628948211669922)) 
227, 3553, ((-0.1640980988740921, -0.9652913808822632, -0.20318564772605896), (73.31221771240234, 272.1407775878906, 13.628948211669922)) 
227, 3604, ((-0.28206148743629456, -0.9302581548690796, -0.23465102910995483), (58.75956726074219, 502.326171875, -19.512237548828125)) 
227, 3655, ((-0.2783108353614807, -0.9050858616828918, -0.32150065898895264), (-16.993486404418945, 444.4160461425781, -7.437500953674316)) 
227, 3707, ((-0.25604888796806335, -0.8804996013641357, -0.3989478647708893), (6.218227386474609, 440.8472900390625, 40.61188507080078)) 
227, 3759, ((-0.26324355602264404, -0.8360782861709595, -0.48132726550102234), (1.1363325119018555, 374.42694091796875, 78.12287902832031)) 
227, 3810, ((-0.26324355602264404, -0.8360782861709595, -0.48132726550102234), (1.1363325119018555, 374.42694091796875, 78.12287902832031)) 
227, 3862, ((-0.26324355602264404, -0.8360782861709595, -0.48132726550102234), (1.1363325119018555, 374.42694091796875, 78.12287902832031)) 
226, 3913, ((-0.5906491875648499, -0.6305309534072876, -0.5035516619682312), (80.4860610961914, 256.9542236328125, 130.7451934814453)) 
226, 3964, ((-0.5906491875648499, -0.6305309534072876, -0.5035516619682312), (80.4860610961914, 256.9542236328125, 130.7451934814453)) 
226, 4017, ((-0.5906491875648499, -0.6305309534072876, -0.5035516619682312), (80.4860610961914, 256.9542236328125, 130.7451934814453)) 
226, 4068, ((-0.5906491875648499, -0.6305309534072876, -0.5035516619682312), (80.4860610961914, 256.9542236328125, 130.7451934814453)) 
226, 4119, ((-0.7061623930931091, 0.007189666386693716, -0.7080134153366089), (113.62222290039062, 44.254825592041016, 259.8363952636719)) 
226, 4170, ((-0.6942280530929565, 0.13247741758823395, -0.7074582576751709), (37.594547271728516, 6.209074020385742, 152.49105834960938)) 
226, 4222, ((-0.7093020677566528, 0.12368198484182358, -0.6939692497253418), (-86.72908782958984, -137.21646118164062, -7.835690975189209)) 
227, 4274, ((-0.7434290647506714, 0.03806361183524132, -0.6677308082580566), (-119.54049682617188, -134.09127807617188, -129.16766357421875)) 
226, 4325, ((-0.7434290647506714, 0.03806361183524132, -0.6677308082580566), (-119.54049682617188, -134.09127807617188, -129.16766357421875)) 
227, 4377, ((-0.7434290647506714, 0.03806361183524132, -0.6677308082580566), (-119.54049682617188, -134.09127807617188, -129.16766357421875)) 
227, 4428, ((-0.7434290647506714, 0.03806361183524132, -0.6677308082580566), (-119.54049682617188, -134.09127807617188, -129.16766357421875)) 
228, 4480, ((-0.7434290647506714, 0.03806361183524132, -0.6677308082580566), (-119.54049682617188, -134.09127807617188, -129.16766357421875)) 
228, 4532, ((-0.7434290647506714, 0.03806361183524132, -0.6677308082580566), (-119.54049682617188, -134.09127807617188, -129.16766357421875)) 
229, 4583, ((-0.21899884939193726, -0.9622113108634949, -0.16182982921600342), (-59.14747619628906, -246.4479217529297, -53.26424789428711)) 
230, 4634, ((-0.21899884939193726, -0.9622113108634949, -0.16182982921600342), (-59.14747619628906, -246.4479217529297, -53.26424789428711)) 
230, 4686, ((-0.21899884939193726, -0.9622113108634949, -0.16182982921600342), (-59.14747619628906, -246.4479217529297, -53.26424789428711)) 
230, 4738, ((-0.17499732971191406, -0.9710383415222168, -0.1626667082309723), (11.246781349182129, -125.92935180664062, -39.867095947265625)) 
230, 4789, ((-0.17499732971191406, -0.9710383415222168, -0.1626667082309723), (11.246781349182129, -125.92935180664062, -39.867095947265625)) 
230, 4840, ((-0.17499732971191406, -0.9710383415222168, -0.1626667082309723), (11.246781349182129, -125.92935180664062, -39.867095947265625)) 
230, 4892, ((-0.19073593616485596, -0.9793994426727295, -0.06630652397871017), (20.937631607055664, 13.823226928710938, -36.20552444458008)) 
230, 4943, ((-0.19073593616485596, -0.9793994426727295, -0.06630652397871017), (20.937631607055664, 13.823226928710938, -36.20552444458008)) 
230, 4995, ((-0.19073593616485596, -0.9793994426727295, -0.06630652397871017), (20.937631607055664, 13.823226928710938, -36.20552444458008)) 
230, 5047, ((-0.19073593616485596, -0.9793994426727295, -0.06630652397871017), (20.937631607055664, 13.823226928710938, -36.20552444458008)) 
230, 5098, ((-0.19374841451644897, -0.9792110323905945, -0.06006117910146713), (194.06686401367188, 368.9394226074219, -1.7487887144088745)) 
230, 5149, ((-0.19374841451644897, -0.9792110323905945, -0.06006117910146713), (194.06686401367188, 368.9394226074219, -1.7487887144088745)) 
229, 5201, ((-0.19374841451644897, -0.9792110323905945, -0.06006117910146713), (194.06686401367188, 368.9394226074219, -1.7487887144088745)) 
229, 5253, ((-0.37654200196266174, -0.7549391388893127, -0.536919891834259), (96.13369750976562, 376.71478271484375, 182.84925842285156)) 
229, 5304, ((-0.4264936149120331, -0.7029287219047546, -0.5692050457000732), (76.16448974609375, 203.6800994873047, 110.51548767089844)) 
229, 5355, ((-0.4321936070919037, -0.6657640337944031, -0.6082490682601929), (73.9367904663086, 150.28900146484375, 97.30187225341797)) 
229, 5407, ((-0.4536837935447693, -0.6312600374221802, -0.6290324330329895), (21.34298324584961, 58.60506820678711, 25.78119659423828)) 
229, 5458, ((-0.4536837935447693, -0.6312600374221802, -0.6290324330329895), (21.34298324584961, 58.60506820678711, 25.78119659423828)) 
229, 5510, ((-0.4536837935447693, -0.6312600374221802, -0.6290324330329895), (21.34298324584961, 58.60506820678711, 25.78119659423828)) 
229, 5562, ((-0.4536837935447693, -0.6312600374221802, -0.6290324330329895), (21.34298324584961, 58.60506820678711, 25.78119659423828)) 
229, 5613, ((-0.5184986591339111, -0.5780357122421265, -0.6301062107086182), (-109.1204605102539, -284.8717346191406, -137.941650390625)) 
229, 5664, ((-0.5184986591339111, -0.5780357122421265, -0.6301062107086182), (-109.1204605102539, -284.8717346191406, -137.941650390625)) 
229, 5716, ((-0.34033623337745667, -0.9230536818504333, -0.1792852133512497), (-170.42323303222656, -206.35015869140625, -5.27600622177124)) 
229, 5768, ((-0.34033623337745667, -0.9230536818504333, -0.1792852133512497), (-170.42323303222656, -206.35015869140625, -5.27600622177124)) 
228, 5819, ((-0.11318932473659515, -0.9808081388473511, -0.15875622630119324), (114.3851089477539, 114.00164794921875, -4.8748040199279785)) 
228, 5870, ((-0.1478373408317566, -0.9706336259841919, -0.18977493047714233), (213.44993591308594, 289.06817626953125, 23.204370498657227)) 
228, 5922, ((-0.214589461684227, -0.9253712892532349, -0.3124728500843048), (240.59654235839844, 373.20294189453125, -19.519304275512695)) 
228, 5974, ((-0.2872481644153595, -0.8668597340583801, -0.40748330950737), (286.8456726074219, 366.3472900390625, 27.5175724029541)) 
228, 6025, ((-0.2872481644153595, -0.8668597340583801, -0.40748330950737), (286.8456726074219, 366.3472900390625, 27.5175724029541)) 
227, 6077, ((-0.2872481644153595, -0.8668597340583801, -0.40748330950737), (286.8456726074219, 366.3472900390625, 27.5175724029541)) 
227, 6128, ((-0.2872481644153595, -0.8668597340583801, -0.40748330950737), (286.8456726074219, 366.3472900390625, 27.5175724029541)) 
227, 6179, ((-0.2872481644153595, -0.8668597340583801, -0.40748330950737), (286.8456726074219, 366.3472900390625, 27.5175724029541)) 
226, 6232, ((-0.2872481644153595, -0.8668597340583801, -0.40748330950737), (286.8456726074219, 366.3472900390625, 27.5175724029541)) 
226, 6283, ((-0.5234411358833313, -0.5368216037750244, -0.6616886854171753), (21.76336097717285, 102.88150024414062, 55.596107482910156)) 
226, 6334, ((-0.5234411358833313, -0.5368216037750244, -0.6616886854171753), (21.76336097717285, 102.88150024414062, 55.596107482910156)) 
225, 6386, ((-0.5636000037193298, -0.5334402322769165, -0.6307111382484436), (-68.46131896972656, -91.2227554321289, -80.88592529296875)) 
225, 6437, ((-0.544510006904602, -0.5788673758506775, -0.6069772839546204), (-107.20720672607422, -209.61508178710938, -95.83642578125)) 
225, 6489, ((-0.5246633291244507, -0.6257542967796326, -0.5772000551223755), (-167.24473571777344, -271.3199462890625, -158.39788818359375)) 
224, 6540, ((-0.5246633291244507, -0.6257542967796326, -0.5772000551223755), (-167.24473571777344, -271.3199462890625, -158.39788818359375)) 
224, 6592, ((-0.5246633291244507, -0.6257542967796326, -0.5772000551223755), (-167.24473571777344, -271.3199462890625, -158.39788818359375)) 
224, 6643, ((-0.5246633291244507, -0.6257542967796326, -0.5772000551223755), (-167.24473571777344, -271.3199462890625, -158.39788818359375)) 
223, 6694, ((-0.23045511543750763, -0.9623005390167236, -0.1444580852985382), (-330.4825134277344, -729.9247436523438, -17.68376922607422)) 
223, 6747, ((-0.008169478736817837, -0.959867000579834, -0.2803366184234619), (-29.214937210083008, -29.445886611938477, 268.65582275390625)) 
223, 6798, ((0.008081993088126183, -0.9990341663360596, -0.04319079592823982), (-159.01217651367188, 281.8276672363281, -242.4253692626953)) 
222, 6849, ((-0.24842338263988495, -0.9592885375022888, -0.13435523211956024), (325.4132385253906, 647.3367309570312, -59.745121002197266)) 
222, 6901, ((-0.39241984486579895, -0.8696928024291992, -0.299401193857193), (225.93438720703125, 438.591064453125, 36.99620056152344)) 
221, 6952, ((-0.5102978944778442, -0.7184467315673828, -0.47268420457839966), (229.55084228515625, 565.501220703125, 112.83011627197266)) 
220, 7004, ((-0.5748723745346069, -0.4983683228492737, -0.6489613056182861), (222.58114624023438, 318.4051818847656, 194.23521423339844)) 
220, 7056, ((-0.7026056051254272, -0.3001655340194702, -0.6451712846755981), (188.50706481933594, 147.88726806640625, 115.6883773803711)) 
219, 7107, ((-0.6974456906318665, -0.299138605594635, -0.6512185335159302), (47.01243209838867, 223.81979370117188, 26.693166732788086)) 
219, 7158, ((-0.6716151237487793, -0.28800174593925476, -0.6826332211494446), (-98.1615982055664, -161.6025848388672, -51.246742248535156)) 
218, 7209, ((-0.6235974431037903, -0.4212396442890167, -0.6585463881492615), (-205.48207092285156, -337.33258056640625, -154.67388916015625)) 
217, 7262, ((-0.5841466188430786, -0.597395658493042, -0.5494462847709656), (-237.99884033203125, -588.7157592773438, -146.68922424316406)) 
216, 7313, ((-0.397880882024765, -0.8223883509635925, -0.4066549241542816), (-175.49034118652344, -561.5946655273438, -145.8773651123047)) 
216, 7364, ((-0.318699449300766, -0.9163858890533447, -0.2422138899564743), (-313.27587890625, -619.0512084960938, -133.54286193847656)) 
215, 7416, ((-0.1836659461259842, -0.975067675113678, -0.12453831732273102), (-138.92002868652344, -321.8260192871094, 9.768488883972168)) 
214, 7468, ((-0.3424330949783325, -0.8870482444763184, -0.30965307354927063), (420.3219909667969, -128.48655700683594, 402.025146484375)) 
214, 7519, ((-0.3424330949783325, -0.8870482444763184, -0.30965307354927063), (420.3219909667969, -128.48655700683594, 402.025146484375)) 
214, 7571, ((-0.15614819526672363, -0.9768675565719604, -0.14610789716243744), (116.01895904541016, 98.02999877929688, 121.82118225097656)) 
213, 7622, ((-0.2748377323150635, -0.9069324731826782, -0.3192767798900604), (103.94981384277344, 256.875244140625, -22.788604736328125)) 
213, 7673, ((-0.3422625660896301, -0.8212496638298035, -0.45651429891586304), (156.63697814941406, 321.8758544921875, 6.91593599319458)) 
213, 7725, ((-0.3561410903930664, -0.792666494846344, -0.49481651186943054), (88.0439453125, 255.33755493164062, 13.668397903442383)) 
212, 7777, ((-0.37877267599105835, -0.7611215710639954, -0.5265218019485474), (129.1876983642578, 259.82574462890625, 110.25662231445312)) 
212, 7828, ((-0.4312736988067627, -0.7114044427871704, -0.5548933744430542), (79.61865234375, 93.353515625, 99.47396850585938)) 
211, 7879, ((-0.45097845792770386, -0.6994256377220154, -0.5544567108154297), (0.4734618663787842, -9.18665885925293, -14.163634300231934)) 
211, 7931, ((-0.44591936469078064, -0.7180748581886292, -0.5343448519706726), (-94.4471206665039, -175.06439208984375, -96.00994110107422)) 
211, 7983, ((-0.42495614290237427, -0.7812400460243225, -0.45724859833717346), (-83.30646514892578, -230.42086791992188, -95.51988983154297)) 
210, 8034, ((-0.3943754732608795, -0.8658831119537354, -0.30775707960128784), (-127.89480590820312, -362.3417663574219, 52.17035675048828)) 
210, 8086, ((-0.31045791506767273, -0.9213082194328308, -0.23410896956920624), (-256.3542785644531, -461.1604309082031, -87.6648941040039)) 
209, 8137, ((-0.1963636577129364, -0.9659510850906372, -0.16846299171447754), (-56.3787841796875, -306.4470520019531, 45.83308792114258)) 
209, 8188, ((-0.3874949514865875, -0.8864673376083374, -0.2530282735824585), (248.95704650878906, -201.86407470703125, 358.6607971191406)) 
209, 8240, ((-0.3874949514865875, -0.8864673376083374, -0.2530282735824585), (248.95704650878906, -201.86407470703125, 358.6607971191406)) 
208, 8292, ((-0.3874949514865875, -0.8864673376083374, -0.2530282735824585), (248.95704650878906, -201.86407470703125, 358.6607971191406)) 
208, 8343, ((-0.3874949514865875, -0.8864673376083374, -0.2530282735824585), (248.95704650878906, -201.86407470703125, 358.6607971191406)) 
208, 8394, ((-0.3874949514865875, -0.8864673376083374, -0.2530282735824585), (248.95704650878906, -201.86407470703125, 358.6607971191406)) 
208, 8446, ((-0.3874949514865875, -0.8864673376083374, -0.2530282735824585), (248.95704650878906, -201.86407470703125, 358.6607971191406)) 
207, 8498, ((-0.41272732615470886, -0.806064784526825, -0.4241648018360138), (92.00804901123047, 185.90121459960938, 19.756866455078125)) 
208, 8549, ((-0.49677523970603943, -0.720424473285675, -0.48394522070884705), (122.58161926269531, 250.61593627929688, 132.5998992919922)) 
207, 8601, ((-0.5329098701477051, -0.650326132774353, -0.5413714051246643), (87.80494689941406, 173.83822631835938, 94.08303833007812)) 
207, 8652, ((-0.5715688467025757, -0.5895565152168274, -0.5707294940948486), (79.4996566772461, 117.06439971923828, 33.73909378051758)) 
208, 8704, ((-0.5780417323112488, -0.551089882850647, -0.601803719997406), (33.006221771240234, -0.44695326685905457, -35.226966857910156)) 
208, 8756, ((-0.5645976066589355, -0.5687989592552185, -0.5980779528617859), (-21.17582893371582, -144.78736877441406, -90.9906005859375)) 
208, 8807, ((-0.4668032228946686, -0.7116541862487793, -0.525017261505127), (-111.10332489013672, -283.08123779296875, -168.9912109375)) 
208, 8858, ((-0.39716657996177673, -0.8186950087547302, -0.4147254526615143), (-117.35092163085938, -353.10015869140625, -135.3213653564453)) 
208, 8909, ((-0.303420752286911, -0.9331339001655579, -0.1928653120994568), (-182.48574829101562, -448.7142028808594, -43.65827178955078)) 
208, 8962, ((-0.1636682152748108, -0.9782475829124451, -0.12745356559753418), (-66.11354064941406, -221.44146728515625, 39.58344650268555)) 
208, 9013, ((-0.1531316041946411, -0.9826334118843079, -0.10479649156332016), (-40.463077545166016, -15.880695343017578, -2.730905294418335)) 
208, 9064, ((-0.23344017565250397, -0.9701975584030151, -0.06497973203659058), (-80.71637725830078, -20.024770736694336, 3.6904542446136475)) 
208, 9116, ((-0.24979861080646515, -0.9622856974601746, -0.10773538798093796), (32.390140533447266, 167.954833984375, 11.161012649536133)) 
208, 9167, ((-0.35232093930244446, -0.9090129137039185, -0.2226330041885376), (80.3038330078125, 278.38201904296875, 71.59204864501953)) 
208, 9219, ((-0.47379645705223083, -0.819237470626831, -0.32305869460105896), (97.5507583618164, 472.88653564453125, 120.79377746582031)) 
208, 9271, ((-0.49852454662323, -0.7845035195350647, -0.3688190281391144), (-0.15324436128139496, 270.2087707519531, 85.02542877197266)) 
208, 9322, ((-0.504629909992218, -0.6928163170814514, -0.5151254534721375), (47.807952880859375, 293.8867492675781, 147.22015380859375)) 
208, 9373, ((-0.504629909992218, -0.6928163170814514, -0.5151254534721375), (47.807952880859375, 293.8867492675781, 147.22015380859375)) 
208, 9424, ((-0.6762402653694153, -0.542599081993103, -0.49828240275382996), (53.785037994384766, 62.95976257324219, 6.571633338928223)) 
208, 9477, ((-0.7204018831253052, -0.5374072790145874, -0.4384227693080902), (4.7802510261535645, -90.67090606689453, -55.672367095947266)) 
208, 9528, ((-0.6551425457000732, -0.6596107482910156, -0.3683774173259735), (-27.318225860595703, -246.42098999023438, -119.06582641601562)) 
209, 9579, ((-0.5686197876930237, -0.7636081576347351, -0.3058988153934479), (-32.923519134521484, -331.6416931152344, -113.57286834716797)) 
209, 9631, ((-0.4359643757343292, -0.8469520807266235, -0.30431440472602844), (-8.118013381958008, -260.0198669433594, -55.86653137207031)) 
210, 9682, ((-0.40402379631996155, -0.8671461343765259, -0.29124268889427185), (-110.0652847290039, -420.90753173828125, -125.73478698730469)) 
209, 9734, ((-0.3872218430042267, -0.849016010761261, -0.3594871759414673), (-196.4443817138672, -356.9156494140625, -82.20353698730469)) 
209, 9786, ((-0.3225558400154114, -0.9018926620483398, -0.2873106300830841), (61.51970291137695, 118.78738403320312, -24.662343978881836)) 
209, 9837, ((-0.24259670078754425, -0.9641815423965454, -0.10724200308322906), (48.72896194458008, -25.852066040039062, 87.43326568603516)) 
209, 9888, ((-0.3741842210292816, -0.8935827612876892, -0.2479839026927948), (54.76741027832031, 137.72227478027344, 5.755983352661133)) 
209, 9939, ((-0.5641789436340332, -0.8037785291671753, -0.18879133462905884), (154.23561096191406, 201.6659698486328, 12.659968376159668)) 
209, 9992, ((-0.592251718044281, -0.7705597281455994, -0.235532745718956), (127.60395050048828, 408.0019226074219, 96.82625579833984)) 
210, 10043, ((-0.5495404601097107, -0.7890785932540894, -0.274518221616745), (75.36377716064453, 344.3081359863281, 106.48741912841797)) 
210, 10094, ((-0.5569688677787781, -0.7385339140892029, -0.3799385726451874), (105.46601867675781, 360.1327209472656, 134.02597045898438)) 
209, 10146, ((-0.5595398545265198, -0.6481982469558716, -0.5164825320243835), (128.24795532226562, 403.2939453125, 197.63311767578125)) 
209, 10198, ((-0.4991646707057953, -0.559363842010498, -0.6617754697799683), (94.0791015625, 248.02452087402344, 192.14068603515625)) 
209, 10249, ((-0.5209359526634216, -0.5054423809051514, -0.6878617405891418), (38.824649810791016, 74.82502746582031, 81.13191223144531)) 
209, 10301, ((-0.5498046875, -0.48913833498954773, -0.6770956516265869), (-33.98603057861328, -108.57685089111328, -20.723241806030273)) 
209, 10352, ((-0.5649237036705017, -0.509337306022644, -0.6491815447807312), (-120.27127075195312, -245.2072296142578, -153.6546173095703)) 
209, 10403, ((-0.5318224430084229, -0.6115749478340149, -0.5857823491096497), (-160.2885284423828, -364.1016845703125, -224.1732177734375)) 
209, 10456, ((-0.4584691524505615, -0.7739126086235046, -0.4368813633918762), (-170.07489013671875, -528.8677978515625, -162.1933135986328)) 
209, 10507, ((-0.34913012385368347, -0.8995301127433777, -0.2625903785228729), (-213.12303161621094, -626.800537109375, -149.78602600097656)) 
209, 10558, ((-0.2795519530773163, -0.9511566162109375, -0.1309649795293808), (-231.8795623779297, -564.6016845703125, -172.56614685058594)) 
210, 10610, ((-0.18529051542282104, -0.9638887643814087, -0.19127441942691803), (144.80152893066406, -540.2557373046875, 147.97525024414062)) 
210, 10661, ((-0.18529051542282104, -0.9638887643814087, -0.19127441942691803), (144.80152893066406, -540.2557373046875, 147.97525024414062)) 
210, 10713, ((-0.18529051542282104, -0.9638887643814087, -0.19127441942691803), (144.80152893066406, -540.2557373046875, 147.97525024414062)) 
210, 10765, ((-0.18529051542282104, -0.9638887643814087, -0.19127441942691803), (144.80152893066406, -540.2557373046875, 147.97525024414062)) 
210, 10816, ((-0.4488580524921417, -0.8318195343017578, -0.3265007436275482), (244.49058532714844, 629.543701171875, 121.31339263916016)) 
210, 10867, ((-0.5432401299476624, -0.7016741633415222, -0.4610244631767273), (97.83084869384766, 351.8339538574219, 112.59507751464844)) 
210, 10919, ((-0.5856006741523743, -0.620879590511322, -0.5211337208747864), (124.54544830322266, 313.4864501953125, 112.81353759765625)) 
210, 10971, ((-0.5510566234588623, -0.561315655708313, -0.6174635887145996), (121.64031982421875, 196.25267028808594, 134.60916137695312)) 
211, 11022, ((-0.5582324862480164, -0.5213692784309387, -0.6454072594642639), (30.135778427124023, 62.18672180175781, 48.44512176513672)) 
210, 11074, ((-0.5584008693695068, -0.5286946892738342, -0.6392732858657837), (-55.65348434448242, -108.65031433105469, -56.558349609375)) 
210, 11125, ((-0.5540162324905396, -0.5718879103660583, -0.6049878001213074), (-122.26031494140625, -234.9990997314453, -139.51734924316406)) 
210, 11176, ((-0.5122075080871582, -0.6892999410629272, -0.5123563408851624), (-204.3441619873047, -439.37298583984375, -159.6045684814453)) 
210, 11229, ((-0.4102664589881897, -0.849145233631134, -0.3326166272163391), (-160.51229858398438, -363.62445068359375, -70.47736358642578)) 
210, 11280, ((-0.2796744406223297, -0.9449636340141296, -0.16978207230567932), (-165.59356689453125, -614.6510620117188, -61.02560043334961)) 
210, 11331, ((-0.1411919891834259, -0.984289824962616, -0.10601112991571426), (-22.846160888671875, -264.3348083496094, 153.3104248046875)) 
210, 11383, ((-0.15836545825004578, -0.9797636270523071, -0.12240741401910782), (-20.362741470336914, 42.19487380981445, 29.831005096435547)) 
210, 11435, ((-0.1873449683189392, -0.9689478278160095, -0.16137534379959106), (-70.3124771118164, 88.74783325195312, -58.20661544799805)) 
210, 11486, ((-0.1873449683189392, -0.9689478278160095, -0.16137534379959106), (-70.3124771118164, 88.74783325195312, -58.20661544799805)) 
210, 11538, ((-0.1873449683189392, -0.9689478278160095, -0.16137534379959106), (-70.3124771118164, 88.74783325195312, -58.20661544799805)) 
210, 11589, ((-0.2598973214626312, -0.9629175066947937, -0.07241030782461166), (157.37200927734375, 610.1796264648438, -9.537919998168945)) 
210, 11640, ((-0.32027101516723633, -0.9360337853431702, -0.14583301544189453), (23.180686950683594, 360.2941589355469, 63.037654876708984)) 
210, 11693, ((-0.2650713324546814, -0.935083270072937, -0.23527948558330536), (41.88839340209961, 440.4621887207031, 9.979498863220215)) 
210, 11744, ((-0.25947606563568115, -0.9250752925872803, -0.2773226499557495), (86.33832550048828, 502.651123046875, 46.046485900878906)) 
210, 11795, ((-0.25947606563568115, -0.9250752925872803, -0.2773226499557495), (86.33832550048828, 502.651123046875, 46.046485900878906)) 
210, 11847, ((-0.25947606563568115, -0.9250752925872803, -0.2773226499557495), (86.33832550048828, 502.651123046875, 46.046485900878906)) 
210, 11898, ((-0.25947606563568115, -0.9250752925872803, -0.2773226499557495), (86.33832550048828, 502.651123046875, 46.046485900878906)) 
210, 11950, ((-0.25947606563568115, -0.9250752925872803, -0.2773226499557495), (86.33832550048828, 502.651123046875, 46.046485900878906)) 
210, 12002, ((-0.25947606563568115, -0.9250752925872803, -0.2773226499557495), (86.33832550048828, 502.651123046875, 46.046485900878906)) 
210, 12053, ((-0.25947606563568115, -0.9250752925872803, -0.2773226499557495), (86.33832550048828, 502.651123046875, 46.046485900878906)) 
210, 12104, ((-0.25947606563568115, -0.9250752925872803, -0.2773226499557495), (86.33832550048828, 502.651123046875, 46.046485900878906)) 
211, 12156, ((-0.25947606563568115, -0.9250752925872803, -0.2773226499557495), (86.33832550048828, 502.651123046875, 46.046485900878906)) 
211, 12208, ((-0.25947606563568115, -0.9250752925872803, -0.2773226499557495), (86.33832550048828, 502.651123046875, 46.046485900878906)) 
211, 12259, ((-0.25947606563568115, -0.9250752925872803, -0.2773226499557495), (86.33832550048828, 502.651123046875, 46.046485900878906)) 
211, 12311, ((-0.25947606563568115, -0.9250752925872803, -0.2773226499557495), (86.33832550048828, 502.651123046875, 46.046485900878906)) 
210, 12362, ((-0.25947606563568115, -0.9250752925872803, -0.2773226499557495), (86.33832550048828, 502.651123046875, 46.046485900878906)) 
210, 12413, ((-0.25947606563568115, -0.9250752925872803, -0.2773226499557495), (86.33832550048828, 502.651123046875, 46.046485900878906)) 
211, 12466, ((-0.25947606563568115, -0.9250752925872803, -0.2773226499557495), (86.33832550048828, 502.651123046875, 46.046485900878906)) 
212, 12517, ((-0.25947606563568115, -0.9250752925872803, -0.2773226499557495), (86.33832550048828, 502.651123046875, 46.046485900878906)) 
212, 12568, ((-0.25947606563568115, -0.9250752925872803, -0.2773226499557495), (86.33832550048828, 502.651123046875, 46.046485900878906)) 
212, 12620, ((-0.25947606563568115, -0.9250752925872803, -0.2773226499557495), (86.33832550048828, 502.651123046875, 46.046485900878906)) 
213, 12672, ((-0.25947606563568115, -0.9250752925872803, -0.2773226499557495), (86.33832550048828, 502.651123046875, 46.046485900878906)) 
213, 12723, ((-0.25947606563568115, -0.9250752925872803, -0.2773226499557495), (86.33832550048828, 502.651123046875, 46.046485900878906)) 
213, 12775, ((-0.25947606563568115, -0.9250752925872803, -0.2773226499557495), (86.33832550048828, 502.651123046875, 46.046485900878906)) 
213, 12826, ((-0.25947606563568115, -0.9250752925872803, -0.2773226499557495), (86.33832550048828, 502.651123046875, 46.046485900878906)) 
213, 12877, ((-0.5621494650840759, -0.6943367719650269, -0.44931551814079285), (-518.98388671875, -1436.5645751953125, -324.1096496582031)) 
212, 12930, ((-0.5621494650840759, -0.6943367719650269, -0.44931551814079285), (-518.98388671875, -1436.5645751953125, -324.1096496582031)) 
212, 12981, ((-0.2526771128177643, -0.9472699165344238, -0.19706325232982635), (-295.67987060546875, -1144.4307861328125, 274.66082763671875)) 
211, 13032, ((-0.2526771128177643, -0.9472699165344238, -0.19706325232982635), (-295.67987060546875, -1144.4307861328125, 274.66082763671875)) 
211, 13084, ((-0.144471675157547, -0.9779709577560425, -0.15066784620285034), (263.7228088378906, 587.4937744140625, -140.51177978515625)) 
212, 13135, ((-0.20353960990905762, -0.9375903010368347, -0.281950443983078), (239.1151123046875, 410.0162048339844, -75.50337219238281)) 
213, 13187, ((-0.20353960990905762, -0.9375903010368347, -0.281950443983078), (239.1151123046875, 410.0162048339844, -75.50337219238281)) 
214, 13239, ((-0.20353960990905762, -0.9375903010368347, -0.281950443983078), (239.1151123046875, 410.0162048339844, -75.50337219238281)) 
213, 13290, ((-0.20353960990905762, -0.9375903010368347, -0.281950443983078), (239.1151123046875, 410.0162048339844, -75.50337219238281)) 
212, 13341, ((-0.20353960990905762, -0.9375903010368347, -0.281950443983078), (239.1151123046875, 410.0162048339844, -75.50337219238281)) 
212, 13393, ((-0.20353960990905762, -0.9375903010368347, -0.281950443983078), (239.1151123046875, 410.0162048339844, -75.50337219238281)) 
212, 13445, ((-0.20353960990905762, -0.9375903010368347, -0.281950443983078), (239.1151123046875, 410.0162048339844, -75.50337219238281)) 
213, 13496, ((-0.20353960990905762, -0.9375903010368347, -0.281950443983078), (239.1151123046875, 410.0162048339844, -75.50337219238281)) 
217, 13548, ((-0.20353960990905762, -0.9375903010368347, -0.281950443983078), (239.1151123046875, 410.0162048339844, -75.50337219238281)) 
219, 13599, ((-0.20353960990905762, -0.9375903010368347, -0.281950443983078), (239.1151123046875, 410.0162048339844, -75.50337219238281)) 
218, 13650, ((-0.20353960990905762, -0.9375903010368347, -0.281950443983078), (239.1151123046875, 410.0162048339844, -75.50337219238281)) 
216, 13703, ((-0.20353960990905762, -0.9375903010368347, -0.281950443983078), (239.1151123046875, 410.0162048339844, -75.50337219238281)) 
215, 13754, ((-0.20353960990905762, -0.9375903010368347, -0.281950443983078), (239.1151123046875, 410.0162048339844, -75.50337219238281)) 
214, 13805, ((-0.20353960990905762, -0.9375903010368347, -0.281950443983078), (239.1151123046875, 410.0162048339844, -75.50337219238281)) 
214, 13857, ((-0.20353960990905762, -0.9375903010368347, -0.281950443983078), (239.1151123046875, 410.0162048339844, -75.50337219238281)) 
215, 13908, ((-0.20353960990905762, -0.9375903010368347, -0.281950443983078), (239.1151123046875, 410.0162048339844, -75.50337219238281)) 
216, 13960, ((-0.20353960990905762, -0.9375903010368347, -0.281950443983078), (239.1151123046875, 410.0162048339844, -75.50337219238281)) 
215, 14012, ((-0.20353960990905762, -0.9375903010368347, -0.281950443983078), (239.1151123046875, 410.0162048339844, -75.50337219238281)) 
215, 14063, ((-0.20353960990905762, -0.9375903010368347, -0.281950443983078), (239.1151123046875, 410.0162048339844, -75.50337219238281)) 
214, 14114, ((-0.20353960990905762, -0.9375903010368347, -0.281950443983078), (239.1151123046875, 410.0162048339844, -75.50337219238281)) 
213, 14167, ((-0.20353960990905762, -0.9375903010368347, -0.281950443983078), (239.1151123046875, 410.0162048339844, -75.50337219238281)) 
213, 14218, ((-0.20353960990905762, -0.9375903010368347, -0.281950443983078), (239.1151123046875, 410.0162048339844, -75.50337219238281)) 
212, 14269, ((-0.20353960990905762, -0.9375903010368347, -0.281950443983078), (239.1151123046875, 410.0162048339844, -75.50337219238281)) 
212, 14321, ((-0.20353960990905762, -0.9375903010368347, -0.281950443983078), (239.1151123046875, 410.0162048339844, -75.50337219238281)) 
212, 14372, ((-0.20353960990905762, -0.9375903010368347, -0.281950443983078), (239.1151123046875, 410.0162048339844, -75.50337219238281)) 
213, 14424, ((-0.20353960990905762, -0.9375903010368347, -0.281950443983078), (239.1151123046875, 410.0162048339844, -75.50337219238281)) 
214, 14476, ((-0.20353960990905762, -0.9375903010368347, -0.281950443983078), (239.1151123046875, 410.0162048339844, -75.50337219238281)) 
214, 14527, ((-0.20353960990905762, -0.9375903010368347, -0.281950443983078), (239.1151123046875, 410.0162048339844, -75.50337219238281)) 
214, 14578, ((-0.20353960990905762, -0.9375903010368347, -0.281950443983078), (239.1151123046875, 410.0162048339844, -75.50337219238281)) 
213, 14630, ((-0.20353960990905762, -0.9375903010368347, -0.281950443983078), (239.1151123046875, 410.0162048339844, -75.50337219238281)) 
212, 14682, ((-0.20353960990905762, -0.9375903010368347, -0.281950443983078), (239.1151123046875, 410.0162048339844, -75.50337219238281)) 
211, 14733, ((-0.20353960990905762, -0.9375903010368347, -0.281950443983078), (239.1151123046875, 410.0162048339844, -75.50337219238281)) 
210, 14785, ((-0.20353960990905762, -0.9375903010368347, -0.281950443983078), (239.1151123046875, 410.0162048339844, -75.50337219238281)) 
210, 14836, ((-0.20353960990905762, -0.9375903010368347, -0.281950443983078), (239.1151123046875, 410.0162048339844, -75.50337219238281)) 
210, 14887, ((-0.20353960990905762, -0.9375903010368347, -0.281950443983078), (239.1151123046875, 410.0162048339844, -75.50337219238281)) 
210, 14940, ((-0.20353960990905762, -0.9375903010368347, -0.281950443983078), (239.1151123046875, 410.0162048339844, -75.50337219238281)) 
210, 14991, ((-0.20353960990905762, -0.9375903010368347, -0.281950443983078), (239.1151123046875, 410.0162048339844, -75.50337219238281)) 
210, 15042, ((-0.20353960990905762, -0.9375903010368347, -0.281950443983078), (239.1151123046875, 410.0162048339844, -75.50337219238281)) 
210, 15094, ((-0.20353960990905762, -0.9375903010368347, -0.281950443983078), (239.1151123046875, 410.0162048339844, -75.50337219238281)) 
210, 15145, ((-0.20353960990905762, -0.9375903010368347, -0.281950443983078), (239.1151123046875, 410.0162048339844, -75.50337219238281)) 
210, 15197, ((-0.20353960990905762, -0.9375903010368347, -0.281950443983078), (239.1151123046875, 410.0162048339844, -75.50337219238281)) 
209, 15249, ((-0.20353960990905762, -0.9375903010368347, -0.281950443983078), (239.1151123046875, 410.0162048339844, -75.50337219238281)) 
208, 15300, ((-0.20353960990905762, -0.9375903010368347, -0.281950443983078), (239.1151123046875, 410.0162048339844, -75.50337219238281)) 
208, 15351, ((-0.09993188828229904, -0.9809250831604004, -0.16673222184181213), (358.62432861328125, 889.2173461914062, -123.1214828491211)) 
208, 15404, ((-0.2439206838607788, -0.9286526441574097, -0.2794763147830963), (282.5390625, 1047.624267578125, -41.672847747802734)) 
208, 15455, ((-0.2439206838607788, -0.9286526441574097, -0.2794763147830963), (282.5390625, 1047.624267578125, -41.672847747802734)) 
209, 15506, ((-0.36420103907585144, -0.8553720712661743, -0.3683696985244751), (304.0477294921875, 984.4522705078125, 54.7436408996582)) 
210, 15558, ((-0.36420103907585144, -0.8553720712661743, -0.3683696985244751), (304.0477294921875, 984.4522705078125, 54.7436408996582)) 
209, 15609, ((-0.36420103907585144, -0.8553720712661743, -0.3683696985244751), (304.0477294921875, 984.4522705078125, 54.7436408996582)) 
209, 15661, ((-0.36420103907585144, -0.8553720712661743, -0.3683696985244751), (304.0477294921875, 984.4522705078125, 54.7436408996582)) 
208, 15713, ((-0.5954163670539856, -0.6147793531417847, -0.5172288417816162), (-527.7161865234375, -952.1619873046875, -289.2013244628906)) 
208, 15764, ((-0.5954163670539856, -0.6147793531417847, -0.5172288417816162), (-527.7161865234375, -952.1619873046875, -289.2013244628906)) 
207, 15815, ((-0.15178963541984558, -0.9781725406646729, -0.1419098675251007), (305.00311279296875, 530.0872192382812, -187.61126708984375)) 
207, 15867, ((-0.24371354281902313, -0.9309704899787903, -0.27184125781059265), (288.71722412109375, 956.0936889648438, 50.687461853027344)) 
207, 15919, ((-0.38999778032302856, -0.8370585441589355, -0.3837117850780487), (362.90447998046875, 1042.144775390625, 80.947509765625)) 
207, 15970, ((-0.38999778032302856, -0.8370585441589355, -0.3837117850780487), (362.90447998046875, 1042.144775390625, 80.947509765625)) 
208, 16022, ((-0.38999778032302856, -0.8370585441589355, -0.3837117850780487), (362.90447998046875, 1042.144775390625, 80.947509765625)) 
209, 16073, ((-0.38999778032302856, -0.8370585441589355, -0.3837117850780487), (362.90447998046875, 1042.144775390625, 80.947509765625)) 
208, 16124, ((-0.38999778032302856, -0.8370585441589355, -0.3837117850780487), (362.90447998046875, 1042.144775390625, 80.947509765625)) 
208, 16177, ((-0.38999778032302856, -0.8370585441589355, -0.3837117850780487), (362.90447998046875, 1042.144775390625, 80.947509765625)) 
207, 16228, ((-0.38999778032302856, -0.8370585441589355, -0.3837117850780487), (362.90447998046875, 1042.144775390625, 80.947509765625)) 
206, 16279, ((-0.38999778032302856, -0.8370585441589355, -0.3837117850780487), (362.90447998046875, 1042.144775390625, 80.947509765625)) 
206, 16331, ((-0.38999778032302856, -0.8370585441589355, -0.3837117850780487), (362.90447998046875, 1042.144775390625, 80.947509765625)) 
206, 16382, ((-0.38999778032302856, -0.8370585441589355, -0.3837117850780487), (362.90447998046875, 1042.144775390625, 80.947509765625)) 
205, 16434, ((-0.38999778032302856, -0.8370585441589355, -0.3837117850780487), (362.90447998046875, 1042.144775390625, 80.947509765625)) 
205, 16486, ((-0.38999778032302856, -0.8370585441589355, -0.3837117850780487), (362.90447998046875, 1042.144775390625, 80.947509765625)) 
